Restaurant; UrlMichelin
L'Oasis; https://restaurant.michelin.fr/29v9df2/loasis-mandelieu-la-napoule
Penati al Baretto; https://restaurant.michelin.fr/9oo4cel/penati-al-baretto-paris-08
Logis de la Cadène; https://restaurant.michelin.fr/3kw7mh1/logis-de-la-cadene-saint-emilion
Frédéric Simonin; https://restaurant.michelin.fr/2f8857v/frederic-simonin-paris-17
La Gourmandière - La Table d'Olivier; https://restaurant.michelin.fr/3n5gkk2/la-gourmandiere-la-table-dolivier-vannes
AM par Alexandre Mazzia; https://restaurant.michelin.fr/4gq15sff/am-par-alexandre-mazzia-marseille-08
Arpège; https://restaurant.michelin.fr/2aa11xs/arpege-paris-07
Les Cèdres; https://restaurant.michelin.fr/2appio4/les-cedres-granges-les-beaumont
Benoit; https://restaurant.michelin.fr/2a8isn4/benoit-paris-04
Les Berceaux; https://restaurant.michelin.fr/29fhuzu/les-berceaux-epernay
Dominique Bucaille; https://restaurant.michelin.fr/nwxo8h9/dominique-bucaille-manosque
La Table du Connétable; https://restaurant.michelin.fr/jgutdlg/la-table-du-connetable-chantilly
Auberge St-Laurent; https://restaurant.michelin.fr/2b05ga9/auberge-st-laurent-sierentz
L'Aupiho; https://restaurant.michelin.fr/9wstvf9t/laupiho-les-baux-de-provence
Flaveur; https://restaurant.michelin.fr/2exgwy4/flaveur-nice
Apicius; https://restaurant.michelin.fr/2ek9zhh/apicius-clermont-ferrand
Jean-Claude Leclerc; https://restaurant.michelin.fr/297ge86/jean-claude-leclerc-clermont-ferrand
Jean-Luc Tartarin; https://restaurant.michelin.fr/2enmc29/jean-luc-tartarin-le-havre
La Rotonde; https://restaurant.michelin.fr/29uqy46/la-rotonde-la-tour-de-salvagny
La Grand'Vigne; https://restaurant.michelin.fr/28yhuxy/la-grandvigne-martillac
Le Quinzième - Cyril Lignac; https://restaurant.michelin.fr/2dtfbbi/le-quinzieme-cyril-lignac-paris-15
Château de Sully; https://restaurant.michelin.fr/2bgynqb/chateau-de-sully-sully
Maison Kieny; https://restaurant.michelin.fr/2a22p1u/maison-kieny-riedisheim
Hostellerie de l'Abbaye de la Celle; https://restaurant.michelin.fr/2bn8o1t/hostellerie-de-labbaye-de-la-celle-la-celle
Domaine des Séquoias; https://restaurant.michelin.fr/28zo6i3/domaine-des-sequoias-ruy
Helen; https://restaurant.michelin.fr/3o59i9b/helen-paris-08
L'Amaryllis; https://restaurant.michelin.fr/294rtmv/lamaryllis-saint-remy
Le Jardin des Plumes; https://restaurant.michelin.fr/omm63qr/le-jardin-des-plumes-giverny
La Table de Castigno; https://restaurant.michelin.fr/xh15qqss/la-table-de-castigno-assignan
L'Almandin; https://restaurant.michelin.fr/2as8r3a/lalmandin-saint-cyprien-plage
L'Auberge Basque; https://restaurant.michelin.fr/2efx4u4/lauberge-basque-saint-pee-sur-nivelle
Le St-Placide; https://restaurant.michelin.fr/2av98t5/le-st-placide-saint-malo
Château de Pray; https://restaurant.michelin.fr/2bcbfo0/chateau-de-pray-charge
La Table des Merville; https://restaurant.michelin.fr/2b3ktxc/la-table-des-merville-castanet-tolosan
Le Chantecler; https://restaurant.michelin.fr/2a4echf50/le-chantecler-nice
Pic; https://restaurant.michelin.fr/2d0hddd/pic-valence
Restaurant du Palais Royal; https://restaurant.michelin.fr/2a7qx35/restaurant-du-palais-royal-paris-01
La Tour des Vents; https://restaurant.michelin.fr/28vws7k/la-tour-des-vents-monbazillac
Le Jardin des Remparts; https://restaurant.michelin.fr/28u6ql7/le-jardin-des-remparts-beaune
Fanny Rey & Jonathan Wahid; https://restaurant.michelin.fr/389tiwsv/fanny-rey-jonathan-wahid-saint-remy-de-provence
Les Fresques; https://restaurant.michelin.fr/29gdnxp256n/les-fresques-evian-les-bains
Frédéric Doucet; https://restaurant.michelin.fr/295q5w8/frederic-doucet-charolles
Mirazur; https://restaurant.michelin.fr/2d440f7/mirazur-menton
La Liégeoise; https://restaurant.michelin.fr/2fa1zgi202/la-liegeoise-wimereux
Hostellerie Bérard; https://restaurant.michelin.fr/2bl33gu/hostellerie-berard-la-cadiere-dazur
Le Chiberta; https://restaurant.michelin.fr/2abl39j/le-chiberta-paris-08
Patrick Jeffroy; https://restaurant.michelin.fr/2bm9rwc/patrick-jeffroy-carantec
Yoann Conte; https://restaurant.michelin.fr/2fcm39b/yoann-conte-veyrier-du-lac
Le Saint-Estève; https://restaurant.michelin.fr/2x1lce26/le-saint-esteve-le-tholonet
Auberge de l'Ill; https://restaurant.michelin.fr/29nft26/auberge-de-lill-illhaeusern
Le Saint-James; https://restaurant.michelin.fr/2bj8gr9/le-saint-james-bouliac
Le Clarence; https://restaurant.michelin.fr/sntd30zx/le-clarence-paris-08
Jean-Marc Pérochon; https://restaurant.michelin.fr/2dyiess/jean-marc-perochon-bretignolles-sur-mer
Christophe Bacquié; https://restaurant.michelin.fr/2bmu0gi/christophe-bacquie-le-castellet
Agapé; https://restaurant.michelin.fr/2eo1t6h/agape-paris-17
Les Morainières; https://restaurant.michelin.fr/2dd2ann/les-morainieres-jongieux
Le Brittany; https://restaurant.michelin.fr/2cnbixn/le-brittany-roscoff
Faventia; https://restaurant.michelin.fr/2dix4nq137/faventia-tourrettes
Domaine d'Auriac; https://restaurant.michelin.fr/2bmf006/domaine-dauriac-carcassonne
Le Moulin de Léré; https://restaurant.michelin.fr/bca0zrw3/le-moulin-de-lere-vailly
Dyades au Domaine des Étangs; https://restaurant.michelin.fr/2f0stuh/dyades-au-domaine-des-etangs-massignac
Le Clos des Sens; https://restaurant.michelin.fr/28pf13h/le-clos-des-sens-annecy-le-vieux
Le Prince Noir - Vivien Durand; https://restaurant.michelin.fr/4g00u3j8/le-prince-noir-vivien-durand-lormont
Auberge des Templiers; https://restaurant.michelin.fr/2bicgcl/auberge-des-templiers-les-bezards
Hostellerie la Montagne; https://restaurant.michelin.fr/298i34w/hostellerie-la-montagne-colombey-les-deux-eglises
Anne de Bretagne; https://restaurant.michelin.fr/2ciults/anne-de-bretagne-la-plaine-sur-mer
Le Refuge des Gourmets; https://restaurant.michelin.fr/29uv8a7/le-refuge-des-gourmets-machilly
Au Vieux Couvent; https://restaurant.michelin.fr/2aogs9u/au-vieux-couvent-rhinau
La Grande Cascade; https://restaurant.michelin.fr/2af5lql/la-grande-cascade-paris-16
La Coopérative; https://restaurant.michelin.fr/3w3putu/la-cooperative-belesta
1217; https://restaurant.michelin.fr/2bfuk4c/1217-bagnols
Le Corot; https://restaurant.michelin.fr/2aiulws5/le-corot-ville-davray
Le Strasbourg; https://restaurant.michelin.fr/28x69qn/le-strasbourg-bitche
Carré des Feuillants; https://restaurant.michelin.fr/2a7gjv9/carre-des-feuillants-paris-01
Sylvestre; https://restaurant.michelin.fr/2fe7j1g/sylvestre-paris-07
Maison Lameloise; https://restaurant.michelin.fr/2bnef6m/maison-lameloise-chagny
Ritz Paris - La Table de l'Espadon; https://restaurant.michelin.fr/yhoi9vry/ritz-paris-la-table-de-lespadon-paris-01
Le Gindreau; https://restaurant.michelin.fr/2avrk5m/le-gindreau-saint-medard
Auberge de Clochemerle; https://restaurant.michelin.fr/2dckc0s/auberge-de-clochemerle-vaux-en-beaujolais
Aigue Marine; https://restaurant.michelin.fr/2cz1lgu/aigue-marine-treguier
Atmosphères; https://restaurant.michelin.fr/28zmco9/atmospheres-le-bourget-du-lac
La Grande Maison de Bernard Magrez; https://restaurant.michelin.fr/a7u4fcer/la-grande-maison-de-bernard-magrez-bordeaux
Le France; https://restaurant.michelin.fr/2d32mvv/le-france-villers-le-lac
La Galinette; https://restaurant.michelin.fr/2ajskia/la-galinette-perpignan
Thierry Drapeau; https://restaurant.michelin.fr/2dnrb62/thierry-drapeau-saint-sulpice-le-verdon
Maison Jeunet; https://restaurant.michelin.fr/28pylpu/maison-jeunet-arbois
L'Amphitryon; https://restaurant.michelin.fr/2b3pf5k/lamphitryon-colomiers
Paloma; https://restaurant.michelin.fr/280mq6yn/paloma-mougins
L'Atelier de Jean-Luc Rabanel; https://restaurant.michelin.fr/2e06dui/latelier-de-jean-luc-rabanel-arles
L'Impertinent; https://restaurant.michelin.fr/h2j2em3/limpertinent-biarritz
L'Aparté; https://restaurant.michelin.fr/xay649ax/laparte-montrabe
Ithurria; https://restaurant.michelin.fr/2bbain5/ithurria-ainhoa
Le Kléber; https://restaurant.michelin.fr/29bkalt/le-kleber-crest
Julien Binz; https://restaurant.michelin.fr/yi79hbnh/julien-binz-ammerschwihr
La Bastide de Moustiers; https://restaurant.michelin.fr/2cbq46s/la-bastide-de-moustiers-moustiers-sainte-marie
La Scène; https://restaurant.michelin.fr/1ore4aj2/la-scene-paris-08
L'Atelier d'Edmond; https://restaurant.michelin.fr/2e1ykis/latelier-dedmond-val-disere
Initial; https://restaurant.michelin.fr/sd2y8ik/initial-caen
Auberge La Pomme d'Api; https://restaurant.michelin.fr/2aw36e7/auberge-la-pomme-dapi-saint-pol-de-leon
L'Ekrin by Laurent Azoulay; https://restaurant.michelin.fr/9isyik39/lekrin-laurent-azoulay-meribel-mottaret
Le Moulin du Roc; https://restaurant.michelin.fr/2bk7w2q/le-moulin-du-roc-champagnac-de-belair
La Bonne Étape; https://restaurant.michelin.fr/2bp5jf6/la-bonne-etape-chateau-arnoux
Chez Michèle; https://restaurant.michelin.fr/29pia6z/chez-michele-languimberg
Alléno Paris au Pavillon Ledoyen; https://restaurant.michelin.fr/2ab5qlx/alleno-paris-au-pavillon-ledoyen-paris-08
Le M; https://restaurant.michelin.fr/2epv4gf/le-m-brest
Les Oliviers; https://restaurant.michelin.fr/2e1on31/les-oliviers-bandol
1920; https://restaurant.michelin.fr/3409276/1920-megeve
Le Baudelaire; https://restaurant.michelin.fr/2fdc0eg/le-baudelaire-paris-01
Gill; https://restaurant.michelin.fr/2aqe7bm/gill-rouen
La Pyramide - Patrick Henriroux; https://restaurant.michelin.fr/2f4bg71/la-pyramide-patrick-henriroux-vienne
L'Ostal; https://restaurant.michelin.fr/uhpabnjd/lostal-clermont-ferrand
Le Grand Véfour; https://restaurant.michelin.fr/2a7edmf/le-grand-vefour-paris-01
Restaurant des Rois; https://restaurant.michelin.fr/2bh3p7k/restaurant-des-rois-beaulieu-sur-mer
La Table d'Olivier Nasti; https://restaurant.michelin.fr/2c30770n/la-table-dolivier-nasti-kaysersberg-vignoble
Le Passe Temps; https://restaurant.michelin.fr/44ahwpa/le-passe-temps-lyon-06
L'Ecrin; https://restaurant.michelin.fr/3503291/lecrin-paris-08
Le Relais des Moines; https://restaurant.michelin.fr/28qae64/le-relais-des-moines-les-arcs
Entre Vigne et Garrigue; https://restaurant.michelin.fr/2etuup9/entre-vigne-et-garrigue-pujaut
Le Pourquoi Pas; https://restaurant.michelin.fr/a6rns6u0/le-pourquoi-pas-dinard
Relais Louis XIII; https://restaurant.michelin.fr/2a92anu/relais-louis-xiii-paris-06
Les Bories; https://restaurant.michelin.fr/2byq8tg/les-bories-gordes
La Barbacane; https://restaurant.michelin.fr/292xja3/la-barbacane-carcassonne
Toya; https://restaurant.michelin.fr/3vxe9bf/toya-faulquemont
Auberge de la Charme; https://restaurant.michelin.fr/29dyqga/auberge-de-la-charme-prenois
La Renaissance; https://restaurant.michelin.fr/28qk3fo/la-renaissance-argentan
Château de Courban; https://restaurant.michelin.fr/2emcabb/chateau-de-courban-courban
L'Auberge de Bagatelle; https://restaurant.michelin.fr/3616226/lauberge-de-bagatelle-le-mans
L'Or Q'idée; https://restaurant.michelin.fr/3616391/lor-qidee-pontoise
Ima; https://restaurant.michelin.fr/3616751/ima-rennes
Comice; https://restaurant.michelin.fr/3616836/comice-paris-16
La Table d'Hôtes - Le Quatrième Mur; https://restaurant.michelin.fr/3623606/la-table-dhotes-le-quatrieme-mur-bordeaux
La Table de la Ferme; https://restaurant.michelin.fr/3623651/la-table-de-la-ferme-sartene
Jean Sulpice; https://restaurant.michelin.fr/3636676/jean-sulpice-talloires-montmin
La Table d'à Côté; https://restaurant.michelin.fr/4022946/la-table-da-cote-ardon
Maison Aribert; https://restaurant.michelin.fr/4023881/maison-aribert-saint-martin-duriage
L'Évidence; https://restaurant.michelin.fr/4024611/levidence-montbazon
Nature; https://restaurant.michelin.fr/4024971/nature-armentieres
La Terrasse; https://restaurant.michelin.fr/4025851/la-terrasse-saint-raphael
La Source; https://restaurant.michelin.fr/4025941/la-source-saint-galmier
Lait Thym Sel; https://restaurant.michelin.fr/4027706/lait-thym-sel-angers
L'Ours; https://restaurant.michelin.fr/4030051/lours-vincennes
Racines; https://restaurant.michelin.fr/4031571/racines-paris-02
L'Abysse au Pavillon Ledoyen; https://restaurant.michelin.fr/4033636/labysse-au-pavillon-ledoyen-paris-08
Le Royal; https://restaurant.michelin.fr/4033846/le-royal-champillon
Shang Palace; https://restaurant.michelin.fr/2fcezsf205/shang-palace-paris-16
Château de Vault de Lugny; https://restaurant.michelin.fr/2bezvvp/chateau-de-vault-de-lugny-vault-de-lugny
Le Haut-Allier; https://restaurant.michelin.fr/2bc2prd/le-haut-allier-le-pont-dalleyras
Auguste; https://restaurant.michelin.fr/2dof8zp/auguste-paris-07
Jérôme Brochot; https://restaurant.michelin.fr/29zgkr3/jerome-brochot-montceau-les-mines
La Scène Thélème; https://restaurant.michelin.fr/ygx47dyb/la-scene-theleme-paris-17
Hostellerie Jérôme; https://restaurant.michelin.fr/2b5e0ez/hostellerie-jerome-la-turbie
Les Explorateurs; https://restaurant.michelin.fr/ui89zrwk/les-explorateurs-val-thorens
La Tour d'Argent; https://restaurant.michelin.fr/2a8xf2a/la-tour-dargent-paris-05
Auberge de l'Île Barbe; https://restaurant.michelin.fr/29tj1pj/auberge-de-lile-barbe-lyon-09
L'Arôme; https://restaurant.michelin.fr/2e8vcj7/larome-paris-08
La Côte Saint-Jacques; https://restaurant.michelin.fr/2c2ma30/la-cote-saint-jacques-joigny
Thierry Schwartz - Le Restaurant; https://restaurant.michelin.fr/2a619xs/thierry-schwartz-le-restaurant-obernai
Troisgros - Le Bois sans Feuilles; https://restaurant.michelin.fr/2cm53gy/troisgros-le-bois-sans-feuilles-ouches
Le Moulin de l'Abbaye; https://restaurant.michelin.fr/2bk4rlv/le-moulin-de-labbaye-brantome-en-perigord
William Frachot; https://restaurant.michelin.fr/2buprmi/william-frachot-dijon
Régis et Jacques Marcon; https://restaurant.michelin.fr/2dntkxh/regis-et-jacques-marcon-saint-bonnet-le-froid
Auberge de la Tour; https://restaurant.michelin.fr/aewyhv0/auberge-de-la-tour-marcoles
Le Sénéchal; https://restaurant.michelin.fr/2cv1ygx/le-senechal-sauveterre-de-rouergue
L'Olivier; https://restaurant.michelin.fr/2css2bw/lolivier-saint-tropez
Le Pré Catelan; https://restaurant.michelin.fr/2af46v7/le-pre-catelan-paris-16
Les Trois Dômes; https://restaurant.michelin.fr/29svngf/les-trois-domes-lyon-02
Le Gourmet de Sèze; https://restaurant.michelin.fr/29trkin/le-gourmet-de-seze-lyon-06
Les Loges; https://restaurant.michelin.fr/29t3z0x/les-loges-lyon-05
Le Prieuré; https://restaurant.michelin.fr/2d2wqpd/le-prieure-villeneuve-les-avignon
Le Candille; https://restaurant.michelin.fr/2a1fgdk/le-candille-mougins
Le Cénacle; https://restaurant.michelin.fr/ua83vloo/le-cenacle-toulouse
Stéphane Tournié - Les Jardins de l'Opéra; https://restaurant.michelin.fr/2b3631b/stephane-tournie-les-jardins-de-lopera-toulouse
Lasserre; https://restaurant.michelin.fr/2abcqvg/lasserre-paris-08
Hostellerie de Plaisance; https://restaurant.michelin.fr/2cp6y7n/hostellerie-de-plaisance-saint-emilion
L'Orangerie; https://restaurant.michelin.fr/2851286/lorangerie-paris-08
114, Faubourg; https://restaurant.michelin.fr/2f3fs2n/114-faubourg-paris-08
Copenhague; https://restaurant.michelin.fr/2916876/copenhague-paris-08
Yoshinori; https://restaurant.michelin.fr/3361741/yoshinori-paris-06
Alexandre; https://restaurant.michelin.fr/2a57m2j/alexandre-garons
Divellec; https://restaurant.michelin.fr/2852181/divellec-paris-07
Maison Chabran - La Grande Table; https://restaurant.michelin.fr/2d0la2d/maison-chabran-la-grande-table-pont-de-lisere
Têtedoie; https://restaurant.michelin.fr/29tfnmd288/tetedoie-lyon-05
Domaine de Rochevilaine; https://restaurant.michelin.fr/2bij0t1/domaine-de-rochevilaine-billiers
Mère Brazier; https://restaurant.michelin.fr/2et3r6g/mere-brazier-lyon
Alcyone; https://restaurant.michelin.fr/3f9eksg5n/alcyone-marseille-02
L'Épuisette; https://restaurant.michelin.fr/29w1hx9/lepuisette-marseille-07
Cobéa; https://restaurant.michelin.fr/2adr3mu/cobea-paris-14
L'Escarbille; https://restaurant.michelin.fr/2dtzs6c/lescarbille-meudon
Auberge Frankenbourg; https://restaurant.michelin.fr/29qv5p8/auberge-frankenbourg-la-vancelle
Une Table au Sud; https://restaurant.michelin.fr/29w4kky/une-table-au-sud-marseille-02
La Nouvelle Auberge; https://restaurant.michelin.fr/2a2adlj/la-nouvelle-auberge-wihr-au-val
Les Terrasses de Lyon; https://restaurant.michelin.fr/29t2ib7/les-terrasses-de-lyon-lyon-05
La Signoria; https://restaurant.michelin.fr/2bs90l6/la-signoria-calvi
La Chaumière; https://restaurant.michelin.fr/2buz227/la-chaumiere-dole
Alain Llorca; https://restaurant.michelin.fr/2e4vi29/alain-llorca-la-colle-sur-loup
Pur' - Jean-François Rouquette; https://restaurant.michelin.fr/2dqiunf/pur-jean-francois-rouquette-paris-02
Maison Decoret; https://restaurant.michelin.fr/2b7zqic/maison-decoret-vichy
Château d'Adoménil; https://restaurant.michelin.fr/2c5ztru/chateau-dadomenil-luneville
La Table des Cordeliers; https://restaurant.michelin.fr/2d7x1hk/la-table-des-cordeliers-condom
1741; https://restaurant.michelin.fr/amv21i8/1741-strasbourg
Le Prieuré; https://restaurant.michelin.fr/28od0rp/le-prieure-ambierle
Mon Plaisir; https://restaurant.michelin.fr/2d6m1yv/mon-plaisir-chamesol
Au 14 Février; https://restaurant.michelin.fr/2f8f1gn/au-14-fevrier-lyon-05
Côté Jardin; https://restaurant.michelin.fr/29jyv6a/cote-jardin-gien
Jérémy Galvan; https://restaurant.michelin.fr/3plxd2e/jeremy-galvan-lyon-05
Lulu Rouget; https://restaurant.michelin.fr/5kf1f62/lulu-rouget-nantes
Il Cortile; https://restaurant.michelin.fr/2dcdnms/il-cortile-mulhouse
La Ville Blanche; https://restaurant.michelin.fr/29pm63n/la-ville-blanche-la-ville-blanche
Lou Cigalon - Maison Martin; https://restaurant.michelin.fr/41vsxiz/lou-cigalon-maison-martin-valbonne
Hostellerie de la Pointe St-Mathieu; https://restaurant.michelin.fr/2brleio/hostellerie-de-la-pointe-st-mathieu-le-conquet
La Robe; https://restaurant.michelin.fr/3ffqpazw/la-robe-montaigu
Château Blanchard; https://restaurant.michelin.fr/ou4s65x/chateau-blanchard-chazelles-sur-lyon
Villa de l'Étang Blanc; https://restaurant.michelin.fr/2dtglr4/villa-de-letang-blanc-seignosse
Le Cerf; https://restaurant.michelin.fr/2c74pw3/le-cerf-marlenheim
À Contre Sens; https://restaurant.michelin.fr/3wc5nsy/contre-sens-caen
La Carambole; https://restaurant.michelin.fr/3zm7yv8/la-carambole-schiltigheim
Intuition; https://restaurant.michelin.fr/3ffxvs0j/intuition-saint-lo
Le Neuvième Art; https://restaurant.michelin.fr/6pz7edt2/le-neuvieme-art-lyon-06
Les Tables de Gaspard; https://restaurant.michelin.fr/2duw4bw/les-tables-de-gaspard-saint-crepin
Le Brouillarta; https://restaurant.michelin.fr/2atl5nc/le-brouillarta-saint-jean-de-luz
Le Montgomerie; https://restaurant.michelin.fr/29b4lr4/le-montgomerie-courchevel-1850
Le Château de Sable; https://restaurant.michelin.fr/2nnu14s6/le-chateau-de-sable-porspoder
Laurent; https://restaurant.michelin.fr/2abdvpo/laurent-paris-08
Auberge St-Walfrid; https://restaurant.michelin.fr/2ayc9n6/auberge-st-walfrid-sarreguemines
Transparence - La Table de Patrick Fréchin; https://restaurant.michelin.fr/2jtf0iqj/transparence-la-table-de-patrick-frechin-nancy
Clovis; https://restaurant.michelin.fr/2evgb1v/clovis-tourrettes-sur-loup
L'O des Vignes; https://restaurant.michelin.fr/3fa7ojh3/lo-des-vignes-fuisse
Allium; https://restaurant.michelin.fr/suqhhtor/allium-quimper
Le Pot d'Étain; https://restaurant.michelin.fr/28vc6i9/le-pot-detain-danjoutin
L'Hysope; https://restaurant.michelin.fr/hq8ezzf7/lhysope-la-jarrie
Les Genêts; https://restaurant.michelin.fr/3ws5njk2/les-genets-brem-sur-mer
Le St-Martin; https://restaurant.michelin.fr/29zciea/le-st-martin-montbeliard
L'Océan; https://restaurant.michelin.fr/szxhgy9t/locean-saint-jean-de-luz
Baumanière 1850; https://restaurant.michelin.fr/2f4vonu/baumaniere-1850-courchevel-1850
Auberge du Vieux Puits; https://restaurant.michelin.fr/29ib1yg/auberge-du-vieux-puits-fontjoncouse
Sur Mesure par Thierry Marx; https://restaurant.michelin.fr/6f226za/sur-mesure-par-thierry-marx-paris-01
Le Carmin; https://restaurant.michelin.fr/8zb6c2d4/le-carmin-beaune
Le Moulin de la Gorce; https://restaurant.michelin.fr/2awwemv/le-moulin-de-la-gorce-la-roche-labeille
Maximin Hellio; https://restaurant.michelin.fr/u945qtuv/maximin-hellio-deauville
Stéphane Derbord; https://restaurant.michelin.fr/29dkmez/stephane-derbord-dijon
Ô Flaveurs; https://restaurant.michelin.fr/2dr6qsw/o-flaveurs-douvaine
Le Cloître; https://restaurant.michelin.fr/2ep5ghq/le-cloitre-mane
Le Coquillage; https://restaurant.michelin.fr/291q1xd/le-coquillage-saint-meloir-des-ondes
Loiseau rive Gauche; https://restaurant.michelin.fr/2aaahmg/loiseau-rive-gauche-paris-07
Le Bénaton; https://restaurant.michelin.fr/28u9h7z/le-benaton-beaune
Ivan Vautier; https://restaurant.michelin.fr/290z3mh/ivan-vautier-caen
La Table de Patrick Raingeard; https://restaurant.michelin.fr/2e2m5rq/la-table-de-patrick-raingeard-eze-bord-de-mer
Loiseau des Vignes; https://restaurant.michelin.fr/2ef8rpt/loiseau-des-vignes-beaune
L'Auberge de la Pomme; https://restaurant.michelin.fr/2al6a9i/lauberge-de-la-pomme-les-damps
Assa; https://restaurant.michelin.fr/3m0pjn8/assa-blois
Pierre Gagnaire; https://restaurant.michelin.fr/2abhfav/pierre-gagnaire-paris-08
La Table de Philippe Girardon; https://restaurant.michelin.fr/2b8j4np/la-table-de-philippe-girardon-chonas-lamballan
Les Ducs de Lorraine; https://restaurant.michelin.fr/29fq33a/les-ducs-de-lorraine-epinal
Astrance; https://restaurant.michelin.fr/2aeq3md/astrance-paris-16
Serge Vieira; https://restaurant.michelin.fr/2ey495p/serge-vieira-chaudes-aigues
Le Cinq; https://restaurant.michelin.fr/2ab2thp/le-cinq-paris-08
Au Crocodile; https://restaurant.michelin.fr/kl196wcf/au-crocodile-strasbourg
La Table Saint-Crescent; https://restaurant.michelin.fr/2a3kuo9/la-table-saint-crescent-narbonne
Le 7ème Continent; https://restaurant.michelin.fr/9tnfzh4/le-7eme-continent-rixheim
La Maison dans le Parc; https://restaurant.michelin.fr/2elnjes/la-maison-dans-le-parc-nancy
Gordon Ramsay au Trianon; https://restaurant.michelin.fr/2aiqpqd/gordon-ramsay-au-trianon-versailles
Le Domaine de la Corniche; https://restaurant.michelin.fr/2cmxk0v/le-domaine-de-la-corniche-rolleboise
Les Trois Rochers; https://restaurant.michelin.fr/2bi0j2j/les-trois-rochers-sainte-marine
Le Chabichou; https://restaurant.michelin.fr/2btao3c/le-chabichou-courchevel-1850
Les Climats; https://restaurant.michelin.fr/3x7v6dz/les-climats-paris-07
Les Voiles d'Or; https://restaurant.michelin.fr/2dtoif7/les-voiles-dor-dieppe
Passage 53; https://restaurant.michelin.fr/2ezpxm7/passage-53-paris-02
Le Kintessence; https://restaurant.michelin.fr/am8q9hp/le-kintessence-courchevel-1850
L'Allée des Vignes; https://restaurant.michelin.fr/aisrm50/lallee-des-vignes-cajarc
Mavrommatis; https://restaurant.michelin.fr/2a95vol/mavrommatis-paris-05
Pilgrim; https://restaurant.michelin.fr/4033946/pilgrim-paris-15
Les Funambules; https://restaurant.michelin.fr/4035231/les-funambules-strasbourg
Rozo; https://restaurant.michelin.fr/4036171/rozo-lille
Accents Table Bourse; https://restaurant.michelin.fr/4036951/accents-table-bourse-paris-02
La Sommelière; https://restaurant.michelin.fr/4037936/la-sommeliere-lyon-05
L'Orchidée; https://restaurant.michelin.fr/4039781/lorchidee-altkirch
L'Aspérule; https://restaurant.michelin.fr/4040011/lasperule-dijon
Sarkara; https://restaurant.michelin.fr/4040361/sarkara-courchevel-1850
Äponem - Auberge du Presbytère; https://restaurant.michelin.fr/4040591/aponem-auberge-du-presbytere-vailhan
NESO; https://restaurant.michelin.fr/4041136/neso-paris-09
Restaurant De Lauzun; https://restaurant.michelin.fr/4041396/restaurant-de-lauzun-pezenas
The Marcel; https://restaurant.michelin.fr/4041601/marcel-sete
La Poule au Pot; https://restaurant.michelin.fr/4042311/la-poule-au-pot-paris-01
Restaurant de Tourrel; https://restaurant.michelin.fr/4038001/restaurant-de-tourrel-saint-remy-de-provence
Jin; https://restaurant.michelin.fr/1t2b08px/jin-paris-01
La Lorraine; https://restaurant.michelin.fr/2bavyqh/la-lorraine-zoufftgen
Auberge du Pont d'Acigné; https://restaurant.michelin.fr/2ao77e3/auberge-du-pont-dacigne-noyal-sur-vilaine
Le Saint-Martin; https://restaurant.michelin.fr/2d1gnwo/le-saint-martin-vence
La Table de l'Alpaga; https://restaurant.michelin.fr/9tlmhvt/la-table-de-lalpaga-megeve
La Table du Gourmet; https://restaurant.michelin.fr/2aosxv6/la-table-du-gourmet-riquewihr
Skab; https://restaurant.michelin.fr/olnthqo/skab-nimes
1912; https://restaurant.michelin.fr/cns0apa3/1912-trouville-sur-mer
Le P'tit Polyte; https://restaurant.michelin.fr/2bufvvg87/le-ptit-polyte-venosc
Cicada, Table du Hameau; https://restaurant.michelin.fr/xb2s4av1/cicada-table-du-hameau-paradou
La Table de l'Ours; https://restaurant.michelin.fr/2dpd99z/la-table-de-lours-val-disere
Le Grand Bleu; https://restaurant.michelin.fr/2d6bc3s/le-grand-bleu-sarlat-la-caneda
La Bastide St-Antoine; https://restaurant.michelin.fr/29ktfvn/la-bastide-st-antoine-grasse
La Marine; https://restaurant.michelin.fr/29n79hz/la-marine-lherbaudiere
Louis; https://restaurant.michelin.fr/cmfchcva/louis-paris-09
Apicius; https://restaurant.michelin.fr/2affgmi/apicius-paris-08
U Santa Marina; https://restaurant.michelin.fr/2e7dmcj/u-santa-marina-porto-vecchio
Fontevraud Le Restaurant; https://restaurant.michelin.fr/9pbvgq6a/fontevraud-le-restaurant-fontevraud-labbaye
Côté Cuisine; https://restaurant.michelin.fr/mhm4jdd/cote-cuisine-carnac
Pages; https://restaurant.michelin.fr/9idrgh03/pages-paris-16
La Marine; https://restaurant.michelin.fr/2bgh04f/la-marine-carteret
Rodolphe; https://restaurant.michelin.fr/j9cof0s1/rodolphe-rouen
La Vieille Tour; https://restaurant.michelin.fr/2arxchk/la-vieille-tour-plerin
SEPT; https://restaurant.michelin.fr/2b38wht/sept-toulouse
Le Roc Alto; https://restaurant.michelin.fr/8xdk7lc4/le-roc-alto-saint-veran
Le Pousse-Pied; https://restaurant.michelin.fr/376ocf6f/le-pousse-pied-la-tranche-sur-mer
Le Clos St-Pierre; https://restaurant.michelin.fr/2aqst5c/le-clos-st-pierre-saint-pons
Garopapilles; https://restaurant.michelin.fr/3wsi04j3/garopapilles-bordeaux
Auberge du Paradis; https://restaurant.michelin.fr/2armsjm/auberge-du-paradis-platre-durand
Le Pavillon; https://restaurant.michelin.fr/2b3t8kh/le-pavillon-le-touquet-paris-plage
Racine; https://restaurant.michelin.fr/eiak4cnv/racine-reims
Frenchie; https://restaurant.michelin.fr/2f44u91/frenchie-paris-02
Château de Vauchoux; https://restaurant.michelin.fr/2alwjjs/chateau-de-vauchoux-vauchoux
Pèir; https://restaurant.michelin.fr/r9fvmyyv/peir-gordes
Palégrié; https://restaurant.michelin.fr/2d2itah0/palegrie-correncon-en-vercors
Pertinence; https://restaurant.michelin.fr/5sermc3/pertinence-paris-07
Le Kaïku; https://restaurant.michelin.fr/2atmq22/le-kaiku-saint-jean-de-luz
Au 14 Février; https://restaurant.michelin.fr/2f80e2p/au-14-fevrier-saint-valentin
La Table des Frères Ibarboure; https://restaurant.michelin.fr/28x2q9k/la-table-des-freres-ibarboure-bidart
Py-r; https://restaurant.michelin.fr/2fdyj14/py-r-toulouse
La Grenouillère; https://restaurant.michelin.fr/2a0ne3f/la-grenouillere-la-madelaine-sous-montreuil
Guy Lassausaie; https://restaurant.michelin.fr/295zuzb/guy-lassausaie-chasselay
Le George; https://restaurant.michelin.fr/9q8vl0jf/le-george-paris-08
L'Anthocyane; https://restaurant.michelin.fr/30sfws39/lanthocyane-lannion
Bras; https://restaurant.michelin.fr/2c3ezsd/bras-laguiole
Le Puits St-Jacques; https://restaurant.michelin.fr/29nnrkd/le-puits-st-jacques-pujaudran
La Table d'Olivier; https://restaurant.michelin.fr/5f24ty3/la-table-dolivier-brive-la-gaillarde
Numéro 3; https://restaurant.michelin.fr/2dnmje9/numero-3-le-tremblay-sur-mauldre
La Bastide de Capelongue; https://restaurant.michelin.fr/2bj1jms/la-bastide-de-capelongue-bonnieux
L'Aquarelle; https://restaurant.michelin.fr/2dk9wkt/laquarelle-breuillet
Maison Prévôt; https://restaurant.michelin.fr/2947j86/maison-prevot-cavaillon
Avel Vor; https://restaurant.michelin.fr/2da93ps/avel-vor-port-louis
Ze Kitchen Galerie; https://restaurant.michelin.fr/2a9xcsf/ze-kitchen-galerie-paris-06
Terre-Mer; https://restaurant.michelin.fr/2f8kr60/terre-mer-auray
Le Chateaubriand; https://restaurant.michelin.fr/2e6jtym/le-chateaubriand-paris-11
Jérôme Feck; https://restaurant.michelin.fr/294k5c0/jerome-feck-chalons-en-champagne
Racines; https://restaurant.michelin.fr/3rs0bg1/racines-rennes
La Table; https://restaurant.michelin.fr/ua271jkd/la-table-lille
Quinsou; https://restaurant.michelin.fr/a22cmkwd/quinsou-paris-06
Ken Kawasaki; https://restaurant.michelin.fr/ximkypex/ken-kawasaki-paris-18
Le Skiff Club; https://restaurant.michelin.fr/2851256/le-skiff-club-la-teste-de-buch
Akrame; https://restaurant.michelin.fr/2851396/akrame-paris-08
Le Grand Cap; https://restaurant.michelin.fr/2851511/le-grand-cap-leucate
Restaurant H; https://restaurant.michelin.fr/2851556/restaurant-h-paris-04
Sushi B; https://restaurant.michelin.fr/2852091/sushi-b-paris-02
Tomy & Co; https://restaurant.michelin.fr/2852136/tomy-co-paris-07
Saisons; https://restaurant.michelin.fr/2852226/saisons-marseille-06
La Tour des Sens; https://restaurant.michelin.fr/2dr8ble/la-tour-des-sens-tencin
La Merise; https://restaurant.michelin.fr/3614676/la-merise-laubach
Jean Chauvel; https://restaurant.michelin.fr/3614956/jean-chauvel-boulogne-billancourt
Montée; https://restaurant.michelin.fr/3615586/montee-paris-14
Auberge Quintessence; https://restaurant.michelin.fr/3615836/auberge-quintessence-roubion
Assiette Champenoise; https://restaurant.michelin.fr/2cliodi/assiette-champenoise-tinqueux
La Table de Franck Putelat; https://restaurant.michelin.fr/2e06z2s/la-table-de-franck-putelat-carcassonne
Les Pêcheurs; https://restaurant.michelin.fr/29ol879/les-pecheurs-antibes
Le Relais Bernard Loiseau; https://restaurant.michelin.fr/2cur8yy/le-relais-bernard-loiseau-saulieu
La Marelle; https://restaurant.michelin.fr/28zbkc6/la-marelle-peronnas
Le Violon d'Ingres; https://restaurant.michelin.fr/2aa5u1w/le-violon-dingres-paris-07
Relais de la Poste; https://restaurant.michelin.fr/2c6dfrz/relais-de-la-poste-magescq
L'Auberge des Glazicks; https://restaurant.michelin.fr/2akhln2/lauberge-des-glazicks-plomodiern
Aux Pesked; https://restaurant.michelin.fr/2aru9pt/aux-pesked-saint-brieuc
Paul Bocuse; https://restaurant.michelin.fr/29tbf1t/paul-bocuse-collonges-au-mont-dor
Le Petit Nice; https://restaurant.michelin.fr/2c76rmd/le-petit-nice-marseille-07
L'Oustau de Baumanière; https://restaurant.michelin.fr/28tn79w/loustau-de-baumaniere-les-baux-de-provence
Dominique Bouchet; https://restaurant.michelin.fr/2doe0bh/dominique-bouchet-paris-08
Les Fresques; https://restaurant.michelin.fr/2ax5yy8/les-fresques-monestier
La Dame de Pic; https://restaurant.michelin.fr/jgnpf8y/la-dame-de-pic-paris-01
Neige d'Été; https://restaurant.michelin.fr/9fkib5i9/neige-dete-paris-15
Le Pressoir; https://restaurant.michelin.fr/2b6sa1u/le-pressoir-saint-ave
Bruno; https://restaurant.michelin.fr/29s5co3/bruno-lorgues
L'Archeste; https://restaurant.michelin.fr/2852206/larcheste-paris-16
Ritz Paris - Les Jardins de l'Espadon; https://restaurant.michelin.fr/2a7bw8d/ritz-paris-les-jardins-de-lespadon-paris-01
Le Colombier; https://restaurant.michelin.fr/29d8fg4/le-colombier-offranville
Le Duèze; https://restaurant.michelin.fr/2blc3qr/le-dueze-mercues
Auberge de la Mine; https://restaurant.michelin.fr/29hyxpk/auberge-de-la-mine-gue-plat
L'Arnsbourg; https://restaurant.michelin.fr/yjkdc8kf/larnsbourg-baerenthal
La Villa Madie; https://restaurant.michelin.fr/2eb50c1n/la-villa-madie-cassis
Armani Ristorante; https://restaurant.michelin.fr/3044086/armani-ristorante-paris-06
Kei; https://restaurant.michelin.fr/9tmwymw/kei-paris-01
L'Oustalet; https://restaurant.michelin.fr/2dfwq14/loustalet-gigondas
La Voile; https://restaurant.michelin.fr/9tangja/la-voile-ramatuelle
Alain Ducasse au Plaza Athénée; https://restaurant.michelin.fr/2ab76wf/alain-ducasse-au-plaza-athenee-paris-08
Le Mascaret; https://restaurant.michelin.fr/2edzchf/le-mascaret-blainville-sur-mer
Le Pavillon des Boulevards; https://restaurant.michelin.fr/28y19tl/le-pavillon-des-boulevards-bordeaux
JY'S; https://restaurant.michelin.fr/298563e/jys-colmar
Auberge de Montfleury; https://restaurant.michelin.fr/2b9eb0t/auberge-de-montfleury-villeneuve-de-berg
La Table de la Bergerie; https://restaurant.michelin.fr/i1i7i9b/la-table-de-la-bergerie-le-champ-sur-layon
Maison Rostang; https://restaurant.michelin.fr/2afdah0/maison-rostang-paris-17
Au Déjeuner de Sousceyrac; https://restaurant.michelin.fr/2b0i0m7/au-dejeuner-de-sousceyrac-sousceyrac-en-quercy
Le Cercle; https://restaurant.michelin.fr/9trxkaz/le-cercle-bourges
Pertica; https://restaurant.michelin.fr/3u9bmm3c/pertica-vendome
Cayola; https://restaurant.michelin.fr/2arajo6/cayola-chateau-dolonne
La Closerie; https://restaurant.michelin.fr/2eebgpo/la-closerie-ansouis
Au Souper Fin; https://restaurant.michelin.fr/29783wk/au-souper-fin-frichemesnil
Le Lièvre Gourmand; https://restaurant.michelin.fr/2f48mjv/le-lievre-gourmand-orleans
Septime; https://restaurant.michelin.fr/3xrgyvn/septime-paris-11
L'Atelier de Joël Robuchon - Étoile; https://restaurant.michelin.fr/2feca5y/latelier-de-joel-robuchon-etoile-paris-08
L'Esquisse; https://restaurant.michelin.fr/9tr3fvt/lesquisse-annecy
La Ribaudière; https://restaurant.michelin.fr/29o99va/la-ribaudiere-bourg-charente
L'Essentiel; https://restaurant.michelin.fr/2dwdwxo/lessentiel-perigueux
Brikéténia; https://restaurant.michelin.fr/2es4wcd/briketenia-guethary
Auberge du Vert Mont; https://restaurant.michelin.fr/13ppe4f4/auberge-du-vert-mont-boeschepe
Auberge de l'Abbaye; https://restaurant.michelin.fr/2dnoa2o/auberge-de-labbaye-ambronay
Un Parfum de Gourmandise; https://restaurant.michelin.fr/p47009z/un-parfum-de-gourmandise-perigueux
Hervé Busset; https://restaurant.michelin.fr/2brjniu/herve-busset-conques-en-rouergue
Le Favre d'Anne; https://restaurant.michelin.fr/dekdkvvj/le-favre-danne-angers
Aida; https://restaurant.michelin.fr/2dzh7q2/aida-paris-07
Auberge La Fenière; https://restaurant.michelin.fr/29sgjsx279/auberge-la-feniere-cadenet
Christopher Coutanceau; https://restaurant.michelin.fr/2apfrj5/christopher-coutanceau-la-rochelle
Le Manoir du Lys; https://restaurant.michelin.fr/2bfnmbt/le-manoir-du-lys-bagnoles-de-lorne-normandie
L'Étang du Moulin; https://restaurant.michelin.fr/28xqe8v/letang-du-moulin-bonnetage
Baieta; https://restaurant.michelin.fr/3750236/baieta-paris-05
Une Île; https://restaurant.michelin.fr/2erjwfi/une-ile-angers
Le Clocher des Pères; https://restaurant.michelin.fr/h43i086/le-clocher-des-peres-saint-martin-sur-la-chambre
Qui plume la Lune; https://restaurant.michelin.fr/jh83esx/qui-plume-la-lune-paris-11
La Vague d'Or - Cheval Blanc St-Tropez; https://restaurant.michelin.fr/2csqkr7/la-vague-dor-cheval-blanc-st-tropez-saint-tropez
René et Maxime Meilleur; https://restaurant.michelin.fr/2avet55/rene-et-maxime-meilleur-saint-martin-de-belleville
Marsan - Hélène Darroze; https://restaurant.michelin.fr/2a93ort/marsan-helene-darroze-paris-06
Maison Dufossé - La Table; https://restaurant.michelin.fr/2dse7wh/maison-dufosse-la-table-metz
Flocons de Sel; https://restaurant.michelin.fr/29wzk9t/flocons-de-sel-megeve
Likoké; https://restaurant.michelin.fr/1ad26y4c/likoke-les-vans
Albert 1er; https://restaurant.michelin.fr/2bnvpvu/albert-1er-chamonix-mont-blanc
Le Champ des Lunes; https://restaurant.michelin.fr/ua2fx9zg/le-champ-des-lunes-lauris
La Table du 11; https://restaurant.michelin.fr/d4dm7ddr/la-table-du-11-versailles
La Table des Blot - Auberge du Château; https://restaurant.michelin.fr/2agz71j/la-table-des-blot-auberge-du-chateau-dampierre-en-yvelines
La Petite Maison de Cucuron; https://restaurant.michelin.fr/29c2o3y/la-petite-maison-de-cucuron-cucuron
SaQuaNa; https://restaurant.michelin.fr/2e11xi8/saquana-honfleur
En Pleine Nature; https://restaurant.michelin.fr/s5y0mmq/en-pleine-nature-fonsegrives
Mariottat; https://restaurant.michelin.fr/28n68fe/mariottat-agen
Le Figuier de St-Esprit; https://restaurant.michelin.fr/2ejmich/le-figuier-de-st-esprit-antibes
Roscanvec; https://restaurant.michelin.fr/2b6s3ty/roscanvec-vannes
L'Olivier; https://restaurant.michelin.fr/2c1rglq/lolivier-hyeres
Umami; https://restaurant.michelin.fr/2ei9xex/umami-strasbourg
L'Atelier de Joël Robuchon - St-Germain; https://restaurant.michelin.fr/2dduyu5/latelier-de-joel-robuchon-st-germain-paris-07
Michel Sarran; https://restaurant.michelin.fr/2b380z8/michel-sarran-toulouse
Hostellerie de Levernois; https://restaurant.michelin.fr/28updvu/hostellerie-de-levernois-levernois
La Table de Chaintré; https://restaurant.michelin.fr/294fsc5/la-table-de-chaintre-chaintre
Le Puits du Trésor; https://restaurant.michelin.fr/29pxfvs/le-puits-du-tresor-lastours
Le Bistrot de Lagarde; https://restaurant.michelin.fr/jfxt32k/le-bistrot-de-lagarde-lagarde-dapt
Le Gambetta; https://restaurant.michelin.fr/2ayqw5m/le-gambetta-saumur
Michel Trama; https://restaurant.michelin.fr/2ckuncq/michel-trama-puymirol
Le Chiquito; https://restaurant.michelin.fr/2ago3w6/le-chiquito-mery-sur-oise
Greuze; https://restaurant.michelin.fr/3uonmfw/greuze-tournus
Il Carpaccio; https://restaurant.michelin.fr/2fdi6av208/il-carpaccio-paris-08
Le Grand Cerf; https://restaurant.michelin.fr/2anw751/le-grand-cerf-montchenot
Le Meurice Alain Ducasse; https://restaurant.michelin.fr/2a7d9c1/le-meurice-alain-ducasse-paris-01
Cyril Attrazic; https://restaurant.michelin.fr/28rd58x/cyril-attrazic-aumont-aubrac
La Madeleine; https://restaurant.michelin.fr/2azofoh/la-madeleine-sens
Pont de l'Ouysse; https://restaurant.michelin.fr/29p8ja1/pont-de-louysse-lacave
Les Hautes Roches; https://restaurant.michelin.fr/2cyg6yb/les-hautes-roches-rochecorbon
Le Taillevent; https://restaurant.michelin.fr/2ab9sgk/le-taillevent-paris-08
Le Jardin de Benjamin; https://restaurant.michelin.fr/xhr5bt96/le-jardin-de-benjamin-lorgues
Auberge Tiegezh; https://restaurant.michelin.fr/34milgg2/auberge-tiegezh-guer
Le Jasmin; https://restaurant.michelin.fr/u6v6rb42/le-jasmin-saint-sylvestre-sur-lot
Chapelle Saint-Martin; https://restaurant.michelin.fr/2c4rgah/chapelle-saint-martin-nieul
Nomicos; https://restaurant.michelin.fr/2fdwgd3/nomicos-paris-16
Le Gabriel; https://restaurant.michelin.fr/9sqrw32m/le-gabriel-paris-08
L'Ambroisie; https://restaurant.michelin.fr/2a8d13e/lambroisie-paris-04
Villa René Lalique; https://restaurant.michelin.fr/t645yf86/villa-rene-lalique-wingen-sur-moder
Virtus; https://restaurant.michelin.fr/3ez7apxd/virtus-paris-12
Miraflores; https://restaurant.michelin.fr/2jcivvu3/miraflores-lyon-06
Les Clefs d'Argent; https://restaurant.michelin.fr/2e0bvx8/les-clefs-dargent-mont-de-marsan
La Balette; https://restaurant.michelin.fr/2dlsvt0/la-balette-collioure
Prairial; https://restaurant.michelin.fr/cpiyfjc0/prairial-lyon
L'Atelier Yssoirien; https://restaurant.michelin.fr/akc6ovv/latelier-yssoirien-issoire
La Table de Nans; https://restaurant.michelin.fr/akfvyg8/la-table-de-nans-la-ciotat
La Grange de Belle-Église; https://restaurant.michelin.fr/28vem1k/la-grange-de-belle-eglise-belle-eglise
La Promenade; https://restaurant.michelin.fr/n3jledr/la-promenade-verfeil
Takao Takano; https://restaurant.michelin.fr/1fchzdq5/takao-takano-lyon-06
La Table d'Uzès; https://restaurant.michelin.fr/1ss80t3t/la-table-duzes-uzes
Buerehiesel; https://restaurant.michelin.fr/2b0sgrs/buerehiesel-strasbourg
Le Vivier; https://restaurant.michelin.fr/29nsjme/le-vivier-lisle-sur-la-sorgue
Auberge au Bœuf; https://restaurant.michelin.fr/2b00ufd/auberge-au-boeuf-sessenheim
Maximilien; https://restaurant.michelin.fr/2aoyre2/maximilien-zellenberg
Auberge de la Brie; https://restaurant.michelin.fr/29ask7o/auberge-de-la-brie-couilly-pont-aux-dames
Le Lido; https://restaurant.michelin.fr/29ajku0/le-lido-propriano
Le Musigny; https://restaurant.michelin.fr/3yjthyc/le-musigny-valenciennes
Quai des Saveurs; https://restaurant.michelin.fr/2e9sbx2/quai-des-saveurs-hagondange
Le Camélia; https://restaurant.michelin.fr/2agf0d1/le-camelia-bougival
Le Village; https://restaurant.michelin.fr/2ahm97s/le-village-marly-le-roi
La Table d'Eugène; https://restaurant.michelin.fr/2et2alx/la-table-deugene-paris-18
L'Amphitryon; https://restaurant.michelin.fr/29saut6/lamphitryon-lorient
Le Bon Accueil; https://restaurant.michelin.fr/29v2jed/le-bon-accueil-malbuisson
La Rastègue; https://restaurant.michelin.fr/2dfjaik/la-rastegue-bormes-les-mimosas
Aux Terrasses; https://restaurant.michelin.fr/2b44str/aux-terrasses-tournus
Le Foch; https://restaurant.michelin.fr/2anjd1l/le-foch-reims
Auberge du Dun; https://restaurant.michelin.fr/28z3n7r/auberge-du-dun-le-bourg-dun
La Marande; https://restaurant.michelin.fr/2dcnkds/la-marande-mirande
Auberge St-Jean; https://restaurant.michelin.fr/2athka8/auberge-st-jean-saint-jean-de-blaignac
Vieux Pont; https://restaurant.michelin.fr/28vap07/vieux-pont-belcastel
Le Belvédère; https://restaurant.michelin.fr/2d4rcim/le-belvedere-bozouls
David Toutain; https://restaurant.michelin.fr/2ei5hub/david-toutain-paris-07
L'Atlantide 1874 - Maison Guého; https://restaurant.michelin.fr/2a32200/latlantide-1874-maison-gueho-nantes
Le Pily; https://restaurant.michelin.fr/2eh8fjc/le-pily-cherbourg-en-cotentin
Château du Mont Joly; https://restaurant.michelin.fr/2ejhn11/chateau-du-mont-joly-sampans
Étincelles - La Gentilhommière; https://restaurant.michelin.fr/2ejolq7/etincelles-la-gentilhommiere-sainte-sabine
Alliance; https://restaurant.michelin.fr/t4cp5kaa/alliance-paris-05
Le Vieux Logis; https://restaurant.michelin.fr/2cz3yz2/le-vieux-logis-tremolat
Les Prés d'Eugénie - Michel Guérard; https://restaurant.michelin.fr/29g9pvw/les-pres-deugenie-michel-guerard-eugenie-les-bains
Le Grand Restaurant - Jean-François Piège; https://restaurant.michelin.fr/u5aaw2ah/le-grand-restaurant-jean-francois-piege-paris-08
Pierre Reboul; https://restaurant.michelin.fr/9pmxzh3/pierre-reboul-aix-en-provence
La Palmeraie; https://restaurant.michelin.fr/2btuhm0/la-palmeraie-la-croix-valmer
La Palme d'Or; https://restaurant.michelin.fr/292bk5u/la-palme-dor-cannes
Prima; https://restaurant.michelin.fr/3492296/prima-megeve
Automne; https://restaurant.michelin.fr/3547121/automne-paris-11
Le Pré - Xavier Beaudiment; https://restaurant.michelin.fr/2ev16nl/le-pre-xavier-beaudiment-durtol
Auberge des Saints Pères; https://restaurant.michelin.fr/2aga7gz/auberge-des-saints-peres-aulnay-sous-bois
Louison; https://restaurant.michelin.fr/3068881/louison-le-puy-sainte-reparade
Le Pavé d'Auge; https://restaurant.michelin.fr/28wgjgo/le-pave-dauge-beuvron-en-auge
Auberge du Cellier; https://restaurant.michelin.fr/2a02pjj/auberge-du-cellier-montner
Elsa; https://restaurant.michelin.fr/9p2kj2b/elsa-cap-martin
La Condesa; https://restaurant.michelin.fr/3491071/la-condesa-paris-09
L'Aromate; https://restaurant.michelin.fr/2epn29l/laromate-nice
Sola; https://restaurant.michelin.fr/3yamflk/sola-paris-05
Abri; https://restaurant.michelin.fr/mfh3jse/abri-paris-10
Table - Bruno Verjus; https://restaurant.michelin.fr/3ffvej5j/table-bruno-verjus-paris-12
Auberge Le Prieuré; https://restaurant.michelin.fr/2dl7htu/auberge-le-prieure-moirax
Haut Bonheur de la Table; https://restaurant.michelin.fr/6274yuk/haut-bonheur-de-la-table-cassel
L'Éveil des Sens; https://restaurant.michelin.fr/2f77d7t/leveil-des-sens-mayenne
Le Moulin des Quatre Saisons; https://restaurant.michelin.fr/29hrl09/le-moulin-des-quatre-saisons-la-fleche
ES; https://restaurant.michelin.fr/27ym5i25/es-paris-07
Val d'Auge; https://restaurant.michelin.fr/29rcoot/val-dauge-bondues
Au 14 Février; https://restaurant.michelin.fr/3ffziwd6/au-14-fevrier-platre-durand
L'Alchémille; https://restaurant.michelin.fr/ua3c2rxf/lalchemille-kaysersberg-vignoble
Le Sérac; https://restaurant.michelin.fr/2di661r/le-serac-saint-gervais-les-bains
L'Orée de la Forêt; https://restaurant.michelin.fr/297c2t4/loree-de-la-foret-etouy
Yam'Tcha; https://restaurant.michelin.fr/2ewldde/yamtcha-paris-01
La Bonne Auberge; https://restaurant.michelin.fr/29ifnwu/la-bonne-auberge-stiring-wendel
Les Pyrénées; https://restaurant.michelin.fr/2cqrobi/les-pyrenees-saint-jean-pied-de-port
Saturne; https://restaurant.michelin.fr/2fe4uol/saturne-paris-02
Ambroisie; https://restaurant.michelin.fr/2b416ek/ambroisie-saint-didier-de-la-tour
Château de la Treyne; https://restaurant.michelin.fr/2c38ubh/chateau-de-la-treyne-lacave
Le Vivarais; https://restaurant.michelin.fr/2fay1do/le-vivarais-vals-les-bains
L'Odas; https://restaurant.michelin.fr/33tyod0j/lodas-rouen
Les Bacchanales; https://restaurant.michelin.fr/2en7eas/les-bacchanales-vence
Auberge du Cheval Blanc; https://restaurant.michelin.fr/29qf1y7/auberge-du-cheval-blanc-lembach
Domaine des Hauts de Loire; https://restaurant.michelin.fr/2cedaza/domaine-des-hauts-de-loire-onzain
Radio; https://restaurant.michelin.fr/2bqajf6/radio-chamalieres
L'Arcane; https://restaurant.michelin.fr/vx40rloc/larcane-paris-18
Georges Blanc; https://restaurant.michelin.fr/2d3ergs/georges-blanc-vonnas
Le Carré d'Alethius; https://restaurant.michelin.fr/2fa4jx5/le-carre-dalethius-charmes-sur-rhone
Le Fanal; https://restaurant.michelin.fr/yw26sgs/le-fanal-banyuls-sur-mer
1131; https://restaurant.michelin.fr/2e4epe8/1131-la-bussiere-sur-ouche
Guy Savoy; https://restaurant.michelin.fr/2afciv4/guy-savoy-paris-06
La Licorne Royale; https://restaurant.michelin.fr/2ehwc2a/la-licorne-royale-lyons-la-foret
Les Rosiers; https://restaurant.michelin.fr/2epi2a4/les-rosiers-biarritz
Le Pergolèse; https://restaurant.michelin.fr/2aeinde/le-pergolese-paris-16
Villa Archange; https://restaurant.michelin.fr/2f4ok2n/villa-archange-le-cannet
Loiseau des Ducs; https://restaurant.michelin.fr/2jd4ivca/loiseau-des-ducs-dijon
Raphaël Vionnet; https://restaurant.michelin.fr/6pyhps6h/raphael-vionnet-thonon-les-bains
Les Trois Soleils de Montal; https://restaurant.michelin.fr/2coonxc/les-trois-soleils-de-montal-saint-cere
Girardin - Gastronomique; https://restaurant.michelin.fr/xha7r0xl/girardin-gastronomique-colmar
La Ferme de l'Hospital; https://restaurant.michelin.fr/2atzy38/la-ferme-de-lhospital-bossey
La Réserve Rimbaud; https://restaurant.michelin.fr/2d8d9p1/la-reserve-rimbaud-montpellier
Le 1947; https://restaurant.michelin.fr/2eac1q1/le-1947-courchevel-1850
Auberge Grand'Maison; https://restaurant.michelin.fr/2a2flya/auberge-grandmaison-mur-de-bretagne
ERH; https://restaurant.michelin.fr/3345846/erh-paris-02
Oka; https://restaurant.michelin.fr/3855601/oka-paris-05
Casadelmar; https://restaurant.michelin.fr/2dk81h5143/casadelmar-porto-vecchio
Ursus; https://restaurant.michelin.fr/2f5gm14/ursus-tignes
Le Millénaire; https://restaurant.michelin.fr/2ank1c1/le-millenaire-reims
Stéphane Carbone; https://restaurant.michelin.fr/2enzj8x/stephane-carbone-caen
L'Émulsion; https://restaurant.michelin.fr/5jdkm0u/lemulsion-saint-alban-de-roche
La Maison des Bois - Marc Veyrat; https://restaurant.michelin.fr/8zgzs262/la-maison-des-bois-marc-veyrat-manigod
Flaveurs; https://restaurant.michelin.fr/2e043qi/flaveurs-valence
Le Beaulieu; https://restaurant.michelin.fr/29vchdk/le-beaulieu-le-mans
L'Axel; https://restaurant.michelin.fr/29i66ux/laxel-fontainebleau
Dan B. - La Table de Ventabren; https://restaurant.michelin.fr/2b7at88/dan-b-la-table-de-ventabren-ventabren
L'Impertinent; https://restaurant.michelin.fr/h2j2em3/limpertinent-biarritz
La Matelote; https://restaurant.michelin.fr/28yvb9u/la-matelote-boulogne-sur-mer
Le Farçon; https://restaurant.michelin.fr/2dczscn/le-farcon-la-tania
Kasbür; https://restaurant.michelin.fr/2az3rad/kasbur-monswiller
Le Hittau; https://restaurant.michelin.fr/2d9288s/le-hittau-saint-vincent-de-tyrosse
La Mirande; https://restaurant.michelin.fr/2bf3czu/la-mirande-avignon
Le Pressoir d'Argent - Gordon Ramsay; https://restaurant.michelin.fr/2epcrm9/le-pressoir-dargent-gordon-ramsay-bordeaux
Manoir de la Boulaie; https://restaurant.michelin.fr/2a3ey4n/manoir-de-la-boulaie-haute-goulaine
Le Saison; https://restaurant.michelin.fr/2ao631n/le-saison-saint-gregoire
La Maison d'à Côté; https://restaurant.michelin.fr/2dxwn73/la-maison-da-cote-montlivault
La Fourchette des Ducs; https://restaurant.michelin.fr/2a5ztne/la-fourchette-des-ducs-obernai
Lamartine; https://restaurant.michelin.fr/28zi7ln/lamartine-le-bourget-du-lac
Jérôme Nutile - Le Mas de Boudan; https://restaurant.michelin.fr/cne1oxue/jerome-nutile-le-mas-de-boudan-nimes
Aux Anges; https://restaurant.michelin.fr/3m56yu9/aux-anges-roanne
Le Petit Hôtel du Grand Large; https://restaurant.michelin.fr/2dy7rqn/le-petit-hotel-du-grand-large-portivy
Le Patio; https://restaurant.michelin.fr/28q4ohd/le-patio-arcachon
Épicure; https://restaurant.michelin.fr/2ab8pfp/epicure-paris-08
La Promenade; https://restaurant.michelin.fr/2ajy6gr/la-promenade-le-petit-pressigny
Château Cordeillan-Bages; https://restaurant.michelin.fr/2chq5p0/chateau-cordeillan-bages-pauillac
Pierre; https://restaurant.michelin.fr/29uvz3j/pierre-macon
Restaurant Christian Étienne; https://restaurant.michelin.fr/28s2o1u/restaurant-christian-etienne-avignon
L'Essentiel; https://restaurant.michelin.fr/40jnqvq/lessentiel-deauville
La Chèvre d'Or; https://restaurant.michelin.fr/2bwkh5l/la-chevre-dor-eze
Les Terraillers; https://restaurant.michelin.fr/28x308q/les-terraillers-biot
La Table Breizh Café; https://restaurant.michelin.fr/2f8ln9w/la-table-breizh-cafe-cancale
Antoine; https://restaurant.michelin.fr/2euo0rk/antoine-paris-16
L'Atelier du Peintre; https://restaurant.michelin.fr/2ewn3lj/latelier-du-peintre-colmar
La Gouesnière; https://restaurant.michelin.fr/2byuiv7/la-gouesniere-saint-meloir-des-ondes
Le Bec au Cauchois; https://restaurant.michelin.fr/2b6gbtl/le-bec-au-cauchois-valmont
Nakatani; https://restaurant.michelin.fr/3x81832/nakatani-paris-07
Alan Geaam; https://restaurant.michelin.fr/3045466/alan-geaam-paris-16
Le Clair de la Plume; https://restaurant.michelin.fr/2faahd5/le-clair-de-la-plume-grignan
La Cachette; https://restaurant.michelin.fr/2dyaa0w/la-cachette-valence
Lalique; https://restaurant.michelin.fr/3803186/lalique-bommes
Meurin; https://restaurant.michelin.fr/2dyfstx/meurin-busnes
Le Cap; https://restaurant.michelin.fr/2cqc8op/le-cap-saint-jean-cap-ferrat
Le Quincangrogne; https://restaurant.michelin.fr/u1pjp7ux/le-quincangrogne-dampmart
G.a. au Manoir de Rétival; https://restaurant.michelin.fr/9rnckmj/ga-au-manoir-de-retival-caudebec-en-caux
Le Parc Les Crayères; https://restaurant.michelin.fr/2clh5yg/le-parc-les-crayeres-reims
Ô Saveurs; https://restaurant.michelin.fr/2b3jb0y/o-saveurs-rouffiac-tolosan
Ed.Em; https://restaurant.michelin.fr/295xqfd/edem-chassagne-montrachet
Lucas Carton; https://restaurant.michelin.fr/2abav0l/lucas-carton-paris-08
Hostellerie Les Gorges de Pennafort; https://restaurant.michelin.fr/2blmwvy/hostellerie-les-gorges-de-pennafort-callas
La Table de La Butte; https://restaurant.michelin.fr/2cj2itx/la-table-de-la-butte-plouider
JAN; https://restaurant.michelin.fr/38z104i7/jan-nice
La Mare aux Oiseaux; https://restaurant.michelin.fr/2atvlv0/la-mare-aux-oiseaux-saint-joachim
L'Abeille; https://restaurant.michelin.fr/2fcezsf/labeille-paris-16
Le Georges; https://restaurant.michelin.fr/2boyz17/le-georges-chartres
Auberge à la Bonne Idée; https://restaurant.michelin.fr/2ak8isu/auberge-la-bonne-idee-saint-jean-aux-bois
Xavier Mathieu; https://restaurant.michelin.fr/2c2u7lh/xavier-mathieu-joucas
En Marge; https://restaurant.michelin.fr/q8lel2a/en-marge-aureville
La Passagère; https://restaurant.michelin.fr/29odhbw/la-passagere-juan-les-pins
La Chassagnette; https://restaurant.michelin.fr/28qr6q2/la-chassagnette-arles
Étude; https://restaurant.michelin.fr/3g8qf775/etude-paris-16
